id,first_name,last_name,email,gender,ip_address
1,Hogan,Broomfield,hbroomfield0@scribd.com,Male,177.190.81.41
2,Solly,Reddie,sreddie1@whitehouse.gov,Male,179.209.168.172
3,Melisse,Aitkenhead,maitkenhead2@freewebs.com,Female,182.31.67.234
4,Karen,Vasiliu,kvasiliu3@bravesites.com,Female,95.228.195.10
5,Gwynne,Merigon,gmerigon4@myspace.com,Female,37.202.32.204
6,Nevin,Rookwell,nrookwell5@dailymotion.com,Male,92.47.125.99
7,Corella,Rodnight,crodnight6@walmart.com,Female,185.162.126.97
8,Eunice,Tolland,etolland7@indiegogo.com,Female,187.189.8.64
9,Malissa,Simmank,msimmank8@discuz.net,Female,126.102.171.43
10,Myca,Guilder,mguilder9@icq.com,Male,151.57.77.21
11,Annnora,Duncombe,aduncombea@patch.com,Female,197.200.15.7
12,Marisa,Brabant,mbrabantb@ycombinator.com,Female,211.30.166.99
13,Rafe,Iannini,rianninic@blogtalkradio.com,Male,119.118.65.3
14,Nathalie,Mines,nminesd@zimbio.com,Female,147.232.46.212
15,Saleem,Cordes,scordese@unicef.org,Male,239.193.165.20
16,Nikkie,Rodnight,nrodnightf@tripadvisor.com,Female,221.174.55.227
17,Ashby,Semerad,asemeradg@a8.net,Male,65.244.108.250
18,El,Landsborough,elandsboroughh@marketwatch.com,Male,237.73.241.151
19,Lira,Linham,llinhami@dell.com,Female,80.156.185.170
20,Jaimie,Acott,jacottj@xing.com,Female,221.106.186.29
21,Nerta,Dauncey,ndaunceyk@usatoday.com,Female,80.201.129.110
22,Dal,Buggy,dbuggyl@macromedia.com,Male,64.225.63.197
23,Ilene,Paolucci,ipaoluccim@deliciousdays.com,Female,148.16.128.60
24,Justine,Spelsbury,jspelsburyn@census.gov,Female,216.9.218.125
25,Langsdon,Cornehl,lcornehlo@scientificamerican.com,Male,75.189.76.4
26,Melamie,Faltin,mfaltinp@mozilla.org,Female,36.229.25.225
27,Lilias,Songer,lsongerq@dyndns.org,Female,68.116.192.253
28,Harriette,Lefever,hlefeverr@hao123.com,Female,140.9.127.115
29,Ernestine,Gelardi,egelardis@163.com,Female,108.36.127.169
30,Howard,Totaro,htotarot@usnews.com,Male,91.77.15.93
31,Bone,Pester,bpesteru@cmu.edu,Male,159.132.130.209
32,Sonny,Sawyers,ssawyersv@tripod.com,Male,197.30.66.131
33,Lesley,Karchowski,lkarchowskiw@privacy.gov.au,Male,48.170.216.70
34,Bendite,Fellon,bfellonx@angelfire.com,Female,34.210.100.110
35,Adham,Chesney,achesneyy@omniture.com,Male,71.169.63.57
36,Loralyn,Aberdalgy,laberdalgyz@qq.com,Female,226.22.19.188
37,Bibbie,Pactat,bpactat10@amazon.co.uk,Female,81.218.104.255
38,Myron,Koppeck,mkoppeck11@parallels.com,Male,231.34.82.202
39,Trev,Humbey,thumbey12@xing.com,Male,226.78.46.5
40,Aloin,Petteford,apetteford13@arstechnica.com,Male,191.148.115.134
41,Hamilton,Mandy,hmandy14@eventbrite.com,Male,163.132.209.21
42,Andie,Laurenzi,alaurenzi15@desdev.cn,Female,252.49.180.241
43,Jenine,Stripp,jstripp16@barnesandnoble.com,Female,67.54.38.143
44,Johann,Ullyott,jullyott17@twitpic.com,Male,186.170.213.204
45,Brand,Goodsell,bgoodsell18@moonfruit.com,Male,173.191.55.12
46,Dickie,Langsdon,dlangsdon19@google.nl,Male,213.248.88.209
47,Daveta,Raggatt,draggatt1a@cnet.com,Female,46.23.4.167
48,Cyril,Cleatherow,ccleatherow1b@webs.com,Male,54.38.244.240
49,Natalie,O'Conor,noconor1c@nba.com,Female,138.138.132.94
50,Perice,Fairleigh,pfairleigh1d@jiathis.com,Male,74.108.39.52
51,Marne,Bricknall,mbricknall1e@loc.gov,Female,104.116.238.171
52,Hannis,Hazeltine,hhazeltine1f@last.fm,Female,194.122.205.41
53,Tiff,Bootyman,tbootyman1g@alibaba.com,Female,221.55.87.222
54,Petronella,Atkins,patkins1h@ehow.com,Female,40.145.189.195
55,Shanie,Brimmell,sbrimmell1i@bloglines.com,Female,194.26.219.171
56,Griff,Westgate,gwestgate1j@google.ca,Male,38.194.91.144
57,Dagmar,Sponder,dsponder1k@addthis.com,Female,115.196.224.141
58,Amandi,Waterson,awaterson1l@hao123.com,Female,245.188.230.84
59,Jarred,Buscher,jbuscher1m@edublogs.org,Male,87.52.213.33
60,Phaedra,Burless,pburless1n@g.co,Female,209.150.205.221
61,Garrick,Skeech,gskeech1o@desdev.cn,Male,66.110.9.168
62,Laurent,Beatens,lbeatens1p@miitbeian.gov.cn,Male,54.176.3.132
63,Mellicent,Bonevant,mbonevant1q@paginegialle.it,Female,161.19.220.95
64,Domeniga,Cowsby,dcowsby1r@skype.com,Female,29.59.247.4
65,Valentin,Bygraves,vbygraves1s@nhs.uk,Male,193.179.66.69
66,Devondra,Balint,dbalint1t@indiegogo.com,Female,208.138.222.242
67,Wenona,Yeatman,wyeatman1u@fema.gov,Female,234.160.141.29
68,Pinchas,Yaus,pyaus1v@loc.gov,Male,24.99.41.185
69,Edouard,Leggs,eleggs1w@china.com.cn,Male,160.215.29.147
70,Wildon,Frapwell,wfrapwell1x@si.edu,Male,36.93.22.118
71,Georgeanna,Pilley,gpilley1y@cafepress.com,Female,238.219.88.229
72,Donal,Elbourn,delbourn1z@google.nl,Male,173.188.172.116
73,Misha,Malin,mmalin20@businessinsider.com,Female,120.72.182.74
74,Felicia,Mackerel,fmackerel21@ted.com,Female,253.30.142.220
75,Farley,Simionato,fsimionato22@de.vu,Male,118.213.40.32
76,Jedidiah,Sor,jsor23@yellowpages.com,Male,166.18.171.60
77,Neddy,Slimings,nslimings24@gizmodo.com,Male,182.135.178.166
78,Dorothy,Quinion,dquinion25@google.de,Female,105.88.204.9
79,Vernen,Sawden,vsawden26@meetup.com,Male,25.13.36.71
80,Tonya,Guidone,tguidone27@parallels.com,Female,250.20.211.113
81,Almire,McDuall,amcduall28@dailymotion.com,Female,123.240.52.230
82,Bernelle,Duffan,bduffan29@cloudflare.com,Female,166.71.217.37
83,Esmaria,Bettington,ebettington2a@bravesites.com,Female,254.248.241.209
84,Ines,Markwelley,imarkwelley2b@bravesites.com,Female,162.52.255.1
85,Eugenius,Brownett,ebrownett2c@myspace.com,Male,142.145.11.20
86,Thor,Coxen,tcoxen2d@ezinearticles.com,Male,176.127.237.68
87,Aubry,Allsobrook,aallsobrook2e@nymag.com,Female,215.95.114.49
88,Roch,Brewis,rbrewis2f@spiegel.de,Female,4.75.34.119
89,Margarita,Jostan,mjostan2g@macromedia.com,Female,238.133.109.68
90,Felice,Allan,fallan2h@cafepress.com,Female,118.180.136.0
91,Nickolaus,Ouchterlony,nouchterlony2i@stumbleupon.com,Male,91.144.101.239
92,Sandor,Anwyl,sanwyl2j@jimdo.com,Male,164.195.132.201
93,Donall,Arundale,darundale2k@apple.com,Male,221.206.50.255
94,Drucie,Readwood,dreadwood2l@amazon.com,Female,1.207.233.62
95,Royal,Elgey,relgey2m@pen.io,Male,8.80.102.82
96,Emalia,Reffe,ereffe2n@home.pl,Female,31.114.175.89
97,Florrie,Aliberti,faliberti2o@sakura.ne.jp,Female,158.222.167.146
98,Nixie,Whytock,nwhytock2p@google.ru,Female,150.111.22.233
99,Martina,O'Kane,mokane2q@wsj.com,Female,83.255.95.14
100,Naoma,Fassmann,nfassmann2r@salon.com,Female,142.43.85.214
101,Kyle,Haddick,khaddick2s@ucsd.edu,Female,38.253.66.12
102,Clarie,Palffy,cpalffy2t@clickbank.net,Female,135.220.146.176
103,Ivor,Faircloth,ifaircloth2u@ox.ac.uk,Male,62.199.181.133
104,Thorndike,Bickerdike,tbickerdike2v@mac.com,Male,72.160.27.247
105,Dannye,Ghirardi,dghirardi2w@barnesandnoble.com,Female,9.113.208.21
106,Rupert,Dank,rdank2x@virginia.edu,Male,85.187.159.116
107,Christophe,Ewbank,cewbank2y@digg.com,Male,22.204.160.215
108,Hilton,Nettle,hnettle2z@comcast.net,Male,24.4.122.160
109,Ad,Staries,astaries30@issuu.com,Male,66.174.55.107
110,Lainey,Di Boldi,ldiboldi31@xrea.com,Female,115.164.40.214
111,Leah,Pouton,lpouton32@columbia.edu,Female,245.116.239.85
112,Wood,Stanluck,wstanluck33@devhub.com,Male,211.210.223.19
113,Garrott,Nutkins,gnutkins34@dailymail.co.uk,Male,221.41.201.53
114,Rafaelita,Pighills,rpighills35@163.com,Female,210.82.97.18
115,Alexander,Sherburn,asherburn36@storify.com,Male,43.176.84.114
116,Wittie,Daniel,wdaniel37@google.com,Male,199.210.12.100
117,Ansell,Greiswood,agreiswood38@sitemeter.com,Male,40.27.204.239
118,Shirline,De Simoni,sdesimoni39@un.org,Female,142.187.220.153
119,Nathanael,Ellwood,nellwood3a@eepurl.com,Male,104.142.153.176
120,Seymour,Adriaan,sadriaan3b@list-manage.com,Male,165.50.240.239
121,Patrica,Fairnington,pfairnington3c@newyorker.com,Female,44.105.56.221
122,Lauretta,Hails,lhails3d@etsy.com,Female,31.122.26.94
123,Keslie,Winder,kwinder3e@upenn.edu,Female,9.205.214.83
124,Kari,Ballay,kballay3f@oakley.com,Female,60.193.79.102
125,Morrie,Balsdon,mbalsdon3g@businesswire.com,Male,31.120.199.164
126,Loria,Dedon,ldedon3h@youku.com,Female,46.254.205.130
127,Leonelle,Casserly,lcasserly3i@goo.ne.jp,Female,205.2.27.129
128,Kalil,Paddon,kpaddon3j@squarespace.com,Male,77.140.64.196
129,Tyrus,Brind,tbrind3k@hibu.com,Male,217.57.1.248
130,Arvie,Franchioni,afranchioni3l@ow.ly,Male,99.228.9.85
131,Ronny,Wallach,rwallach3m@redcross.org,Female,188.63.64.54
132,Chrotoem,Lorinez,clorinez3n@nih.gov,Male,167.30.51.195
133,Kenon,Cobbled,kcobbled3o@adobe.com,Male,12.59.218.20
134,Codi,Charpling,ccharpling3p@desdev.cn,Male,151.24.108.164
135,Sadella,Luquet,sluquet3q@ning.com,Female,227.138.133.105
136,Padraig,Smeall,psmeall3r@fema.gov,Male,72.49.190.251
137,Charin,Monnoyer,cmonnoyer3s@cbslocal.com,Female,169.181.214.71
138,Odille,Brunke,obrunke3t@people.com.cn,Female,33.187.153.146
139,Homer,Taynton,htaynton3u@soundcloud.com,Male,111.0.211.83
140,Glenn,Chimenti,gchimenti3v@people.com.cn,Male,124.84.164.88
141,Conny,Lammie,clammie3w@huffingtonpost.com,Female,211.23.25.77
142,Jacquelyn,Clashe,jclashe3x@hao123.com,Female,243.2.163.100
143,Charlton,Hugonnet,chugonnet3y@sun.com,Male,111.76.185.79
144,Marlo,Longmore,mlongmore3z@forbes.com,Female,94.90.60.23
145,Amata,Frenzel;,afrenzel40@yale.edu,Female,224.74.199.216
146,Maximilianus,Coughtrey,mcoughtrey41@unesco.org,Male,174.191.223.228
147,Eal,Addey,eaddey42@harvard.edu,Male,92.178.27.224
148,Filide,Balogun,fbalogun43@lulu.com,Female,210.108.74.165
149,Robin,Ivashchenko,rivashchenko44@homestead.com,Male,183.255.38.120
150,Emalia,Chat,echat45@xing.com,Female,19.199.218.7
151,Catherina,Pressdee,cpressdee46@bing.com,Female,161.98.3.127
152,Claudian,Clapp,cclapp47@google.es,Male,141.88.9.88
153,Maritsa,Liddard,mliddard48@deliciousdays.com,Female,138.235.41.96
154,Thor,Leer,tleer49@zdnet.com,Male,223.53.13.244
155,Hobey,Barling,hbarling4a@xrea.com,Male,176.151.193.238
156,Dario,Juniper,djuniper4b@vkontakte.ru,Male,141.55.64.33
157,Dotty,McGarva,dmcgarva4c@sfgate.com,Female,166.226.86.97
158,Ortensia,Filer,ofiler4d@tiny.cc,Female,51.27.9.16
159,Guthry,Lancastle,glancastle4e@telegraph.co.uk,Male,31.242.134.15
160,Melitta,Moggach,mmoggach4f@admin.ch,Female,116.36.24.36
161,Abbey,Stolte,astolte4g@squarespace.com,Male,99.44.216.180
162,Rafi,Mirams,rmirams4h@twitter.com,Male,19.37.76.202
163,Pippy,Aleksidze,paleksidze4i@is.gd,Female,247.201.71.100
164,Micah,Blazevic,mblazevic4j@china.com.cn,Male,49.115.3.25
165,Thebault,Licciardiello,tlicciardiello4k@csmonitor.com,Male,21.176.217.185
166,Wittie,Carolan,wcarolan4l@usa.gov,Male,72.191.126.143
167,Lucretia,Vedekhov,lvedekhov4m@free.fr,Female,135.174.3.109
168,Hillard,Wildt,hwildt4n@issuu.com,Male,6.80.85.52
169,Zorina,Rooze,zrooze4o@alibaba.com,Female,29.14.100.87
170,Valeria,Loveday,vloveday4p@issuu.com,Female,124.193.189.129
171,Forster,McNess,fmcness4q@hao123.com,Male,123.55.62.221
172,Broddy,MacDwyer,bmacdwyer4r@nps.gov,Male,161.48.155.128
173,Ase,Boribal,aboribal4s@macromedia.com,Male,32.153.186.161
174,Gabey,Hefferon,ghefferon4t@globo.com,Female,220.4.179.202
175,Caryl,Riccio,criccio4u@who.int,Female,82.20.24.130
176,Rosetta,Malthus,rmalthus4v@geocities.com,Female,106.243.10.150
177,Andriette,Lodwig,alodwig4w@google.com,Female,116.235.225.210
178,Herbie,Leband,hleband4x@purevolume.com,Male,214.139.192.124
179,Davidson,Naptin,dnaptin4y@seesaa.net,Male,236.184.251.138
180,Silvanus,McClenan,smcclenan4z@hostgator.com,Male,246.103.3.18
181,Karen,Racher,kracher50@upenn.edu,Female,179.189.110.210
182,Major,Clilverd,mclilverd51@telegraph.co.uk,Male,199.13.98.40
183,Ben,Taffurelli,btaffurelli52@free.fr,Male,249.208.9.124
184,Inez,Spadari,ispadari53@narod.ru,Female,222.37.114.221
185,Demetra,Mushett,dmushett54@yahoo.co.jp,Female,214.199.52.100
186,Shelbi,Lockton,slockton55@umich.edu,Female,236.2.229.128
187,Lucho,Long,llong56@howstuffworks.com,Male,125.165.215.219
188,Fina,Briamo,fbriamo57@uiuc.edu,Female,204.197.83.122
189,Ibrahim,Yurin,iyurin58@baidu.com,Male,166.47.67.199
190,Evaleen,Grimsdyke,egrimsdyke59@51.la,Female,240.169.4.212
191,Field,Nisius,fnisius5a@surveymonkey.com,Male,123.61.31.43
192,Drusi,Touhig,dtouhig5b@homestead.com,Female,126.94.157.23
193,Giusto,Halbert,ghalbert5c@washington.edu,Male,13.180.82.67
194,Baxter,Keech,bkeech5d@independent.co.uk,Male,0.17.32.148
195,Lorinda,Teanby,lteanby5e@privacy.gov.au,Female,61.120.2.146
196,Augustin,Blevin,ablevin5f@histats.com,Male,172.244.71.150
197,Erminia,Mival,emival5g@jalbum.net,Female,27.137.129.136
198,Magdalen,Tomczykiewicz,mtomczykiewicz5h@mysql.com,Female,28.179.102.142
199,Damian,Samsin,dsamsin5i@icq.com,Male,248.80.145.108
200,Shalna,Wantling,swantling5j@wsj.com,Female,234.138.40.112
201,Sky,Martonfi,smartonfi5k@tripadvisor.com,Male,123.69.145.211
202,Gordy,Otridge,gotridge5l@bing.com,Male,202.212.20.235
203,Zelig,Blaszczynski,zblaszczynski5m@uol.com.br,Male,241.14.176.75
204,Ashley,Munning,amunning5n@reuters.com,Female,187.138.201.249
205,Mariann,Waeland,mwaeland5o@xrea.com,Female,191.200.83.51
206,Frederica,Embling,fembling5p@salon.com,Female,4.37.247.41
207,Nady,Silvester,nsilvester5q@bizjournals.com,Female,159.155.218.194
208,Arlen,Glanders,aglanders5r@slideshare.net,Male,187.151.81.60
209,Urban,Nieass,unieass5s@comcast.net,Male,213.121.2.127
210,Keith,Pharro,kpharro5t@boston.com,Male,175.26.150.220
211,Alvina,Lynnett,alynnett5u@usgs.gov,Female,146.245.106.130
212,Bruno,Barfitt,bbarfitt5v@ebay.co.uk,Male,180.255.181.55
213,Leonora,Coonihan,lcoonihan5w@dell.com,Female,121.163.202.246
214,Jewelle,Bewlay,jbewlay5x@photobucket.com,Female,125.53.106.62
215,Claude,O'Kerin,cokerin5y@alexa.com,Female,130.156.203.244
216,Dickie,Rash,drash5z@t.co,Male,108.63.236.125
217,Minnaminnie,Hounsom,mhounsom60@jugem.jp,Female,113.29.12.241
218,Martynne,Daymont,mdaymont61@furl.net,Female,176.64.99.187
219,Brenn,Lissenden,blissenden62@mtv.com,Female,103.227.76.62
220,Celia,Matsell,cmatsell63@shareasale.com,Female,128.169.105.244
221,Kennett,Varnals,kvarnals64@google.co.jp,Male,53.156.197.175
222,Carmel,Coxon,ccoxon65@godaddy.com,Female,182.232.114.197
223,Augustin,Jeffes,ajeffes66@over-blog.com,Male,221.244.29.107
224,Jacinta,Johnstone,jjohnstone67@addthis.com,Female,87.63.22.67
225,Gonzales,Idiens,gidiens68@ifeng.com,Male,225.32.133.250
226,Delphinia,Greenhaugh,dgreenhaugh69@spiegel.de,Female,64.182.146.79
227,Grenville,Feast,gfeast6a@wired.com,Male,233.194.74.159
228,Rutger,Folkes,rfolkes6b@cpanel.net,Male,104.21.70.253
229,Antony,Puvia,apuvia6c@yellowpages.com,Male,229.186.189.150
230,Ashli,Gledstane,agledstane6d@gnu.org,Female,63.19.110.241
231,Al,Attew,aattew6e@behance.net,Male,190.220.85.59
232,Kahlil,Ewbanke,kewbanke6f@ca.gov,Male,188.68.171.113
233,Selle,Gillooly,sgillooly6g@time.com,Female,82.228.58.127
234,Dallon,Grimsdale,dgrimsdale6h@google.it,Male,134.90.77.116
235,Beverley,Bend,bbend6i@intel.com,Female,183.1.165.18
236,Tyrus,Goodley,tgoodley6j@independent.co.uk,Male,88.240.76.236
237,Elbertina,Jowling,ejowling6k@furl.net,Female,210.178.70.156
238,Philipa,Baughan,pbaughan6l@smugmug.com,Female,148.112.132.165
239,Johan,Eagger,jeagger6m@hexun.com,Male,78.55.124.137
240,Leila,Sparling,lsparling6n@amazon.de,Female,136.168.29.134
241,Bibbie,Gullefant,bgullefant6o@opensource.org,Female,170.5.48.203
242,Amery,Sexstone,asexstone6p@sohu.com,Male,96.67.64.216
243,Towney,Surcomb,tsurcomb6q@canalblog.com,Male,66.17.111.24
244,Brooks,Cops,bcops6r@nifty.com,Male,188.62.126.197
245,Ralph,Toward,rtoward6s@ted.com,Male,168.236.169.151
246,Taber,Smewin,tsmewin6t@umn.edu,Male,18.41.245.34
247,Vinni,Brane,vbrane6u@cloudflare.com,Female,100.42.151.118
248,Adrien,Kikke,akikke6v@free.fr,Male,184.44.204.220
249,Goldi,Ravel,gravel6w@cyberchimps.com,Female,159.71.197.209
250,Francyne,McAne,fmcane6x@paginegialle.it,Female,83.142.124.187
251,Thoma,Markham,tmarkham6y@chronoengine.com,Male,144.103.126.107
252,Sonny,Montier,smontier6z@imgur.com,Male,113.9.5.125
253,Marion,Peascod,mpeascod70@go.com,Female,162.172.144.28
254,Zared,Binnie,zbinnie71@free.fr,Male,12.206.188.85
255,Genny,Laurence,glaurence72@cornell.edu,Female,55.126.139.191
256,Virge,Prys,vprys73@com.com,Male,222.199.28.141
257,Demetri,Lauga,dlauga74@clickbank.net,Male,243.53.7.39
258,Ronny,Najera,rnajera75@facebook.com,Male,209.229.114.12
259,Dorrie,Kobierra,dkobierra76@exblog.jp,Female,103.102.83.9
260,Hedy,Rumbold,hrumbold77@prweb.com,Female,75.157.11.68
261,Violante,Boothe,vboothe78@opera.com,Female,89.26.66.251
262,Pasquale,Reinbeck,preinbeck79@upenn.edu,Male,236.13.198.55
263,Robbie,Whetson,rwhetson7a@devhub.com,Male,44.165.246.176
264,Kimbra,Woodthorpe,kwoodthorpe7b@earthlink.net,Female,205.31.35.227
265,Maurita,Speaks,mspeaks7c@lycos.com,Female,161.125.28.219
266,Magdalen,Grene,mgrene7d@kickstarter.com,Female,207.22.194.81
267,Jesselyn,Noden,jnoden7e@jimdo.com,Female,157.179.88.239
268,Etan,Seago,eseago7f@opera.com,Male,104.24.219.40
269,Kendrick,Pape,kpape7g@slideshare.net,Male,118.71.244.116
270,Innis,Hefferon,ihefferon7h@joomla.org,Male,209.65.241.115
271,Tiena,Ivanyushkin,tivanyushkin7i@cnn.com,Female,212.11.156.215
272,Cristabel,Kilgallen,ckilgallen7j@cloudflare.com,Female,1.150.235.63
273,Rahal,Moy,rmoy7k@aol.com,Female,204.128.73.157
274,Giselle,McGavin,gmcgavin7l@posterous.com,Female,134.39.12.170
275,Adele,Lockner,alockner7m@discuz.net,Female,155.120.54.102
276,Vanni,Liversidge,vliversidge7n@diigo.com,Female,47.234.215.169
277,Arman,Hardman,ahardman7o@drupal.org,Male,7.33.229.29
278,Wadsworth,Maha,wmaha7p@addthis.com,Male,135.208.90.95
279,Ruttger,Morfett,rmorfett7q@who.int,Male,111.118.158.23
280,Danette,Calderon,dcalderon7r@indiatimes.com,Female,34.139.185.90
281,Anetta,Kilian,akilian7s@xrea.com,Female,124.210.45.70
282,Doloritas,MacTrustrie,dmactrustrie7t@opensource.org,Female,143.167.35.86
283,Lek,Kimmitt,lkimmitt7u@usatoday.com,Male,8.247.228.250
284,Umeko,Nunan,ununan7v@slideshare.net,Female,151.73.141.63
285,Clyve,Renforth,crenforth7w@myspace.com,Male,124.34.250.218
286,Dyann,Gotecliffe,dgotecliffe7x@ucsd.edu,Female,238.54.59.187
287,Gusti,Gallichan,ggallichan7y@linkedin.com,Female,65.245.228.195
288,Colman,Shearsby,cshearsby7z@eventbrite.com,Male,224.238.182.178
289,Ike,Cancutt,icancutt80@themeforest.net,Male,195.50.58.155
290,Riley,Jedrysik,rjedrysik81@fema.gov,Male,3.70.198.35
291,Fairleigh,Royse,froyse82@nymag.com,Male,246.81.47.155
292,Rana,Gapp,rgapp83@xing.com,Female,245.252.107.211
293,Dame,Wernher,dwernher84@w3.org,Male,212.117.114.19
294,Vera,Elkins,velkins85@apple.com,Female,53.59.195.33
295,Erhart,Sinisbury,esinisbury86@msn.com,Male,9.234.120.254
296,Ambros,Champneys,achampneys87@yellowpages.com,Male,148.249.149.123
297,Laure,Nacci,lnacci88@last.fm,Female,50.166.145.236
298,Marlo,Beaze,mbeaze89@weibo.com,Male,253.33.242.223
299,Gifford,MacLeese,gmacleese8a@uol.com.br,Male,203.91.68.146
300,Nevin,Candelin,ncandelin8b@blog.com,Male,245.49.200.14
301,Morgun,Clooney,mclooney8c@accuweather.com,Male,29.10.139.25
302,Judi,Chue,jchue8d@discovery.com,Female,70.51.25.158
303,Wally,Gabbot,wgabbot8e@arstechnica.com,Male,27.103.53.40
304,Mildred,Canet,mcanet8f@g.co,Female,25.24.89.251
305,Guendolen,Gudde,ggudde8g@census.gov,Female,53.26.8.87
306,Amye,Whittlesea,awhittlesea8h@thetimes.co.uk,Female,41.77.240.237
307,Joy,Cowtherd,jcowtherd8i@salon.com,Female,216.53.78.159
308,Pegeen,Cloney,pcloney8j@jugem.jp,Female,136.68.71.75
309,Blithe,Ruckman,bruckman8k@boston.com,Female,148.24.194.49
310,Cally,Kinneir,ckinneir8l@java.com,Female,113.124.221.223
311,Jenine,Anscott,janscott8m@amazon.co.uk,Female,124.51.85.14
312,Hyacinthe,Arnoll,harnoll8n@zdnet.com,Female,6.120.244.130
313,Pepita,Pike,ppike8o@china.com.cn,Female,58.84.10.47
314,Regine,Crisell,rcrisell8p@facebook.com,Female,72.156.40.124
315,Jerrie,Skae,jskae8q@apache.org,Male,202.96.205.162
316,Harwilll,Kall,hkall8r@skype.com,Male,35.127.151.174
317,Nickolaus,Eves,neves8s@eepurl.com,Male,8.103.100.215
318,Gray,Maestro,gmaestro8t@wunderground.com,Female,40.233.100.127
319,Kinny,Anstice,kanstice8u@yellowbook.com,Male,172.231.155.200
320,Kiley,Blowick,kblowick8v@t.co,Male,41.252.157.207
321,Torrence,Padley,tpadley8w@nbcnews.com,Male,206.159.231.174
322,Alessandra,Lambard,alambard8x@soundcloud.com,Female,158.152.63.17
323,Norry,Naismith,nnaismith8y@intel.com,Female,210.83.248.77
324,Forester,Harg,fharg8z@businessinsider.com,Male,143.96.56.106
325,Marita,Goodley,mgoodley90@jigsy.com,Female,221.186.161.60
326,Giorgi,Wheatland,gwheatland91@joomla.org,Male,196.187.8.5
327,Joseito,Halfhide,jhalfhide92@goodreads.com,Male,159.198.181.89
328,Maison,Shippam,mshippam93@virginia.edu,Male,34.21.234.213
329,Den,Nand,dnand94@de.vu,Male,107.45.49.54
330,Lizzie,Roland,lroland95@mozilla.com,Female,69.109.232.69
331,Joline,Lafuente,jlafuente96@ifeng.com,Female,112.50.35.163
332,Jedd,Doeg,jdoeg97@google.pl,Male,202.47.133.8
333,Olia,Aspinall,oaspinall98@timesonline.co.uk,Female,44.156.62.67
334,Lucilia,Philippe,lphilippe99@shop-pro.jp,Female,175.113.222.38
335,Marne,Deans,mdeans9a@go.com,Female,62.18.42.148
336,Dominga,Kubatsch,dkubatsch9b@cam.ac.uk,Female,147.207.70.191
337,Raynor,Antosik,rantosik9c@washingtonpost.com,Male,199.11.254.233
338,Emlynne,Hartin,ehartin9d@woothemes.com,Female,99.20.207.248
339,Torre,Yeomans,tyeomans9e@netvibes.com,Male,158.215.105.42
340,Rochella,Kidstone,rkidstone9f@independent.co.uk,Female,243.32.140.132
341,Lea,Danielkiewicz,ldanielkiewicz9g@squarespace.com,Female,43.3.32.69
342,Lauren,Tilston,ltilston9h@sohu.com,Male,201.139.179.78
343,Mag,Nolder,mnolder9i@theguardian.com,Female,104.133.203.172
344,Estrellita,Vertigan,evertigan9j@ucsd.edu,Female,150.91.233.189
345,Kendre,Puve,kpuve9k@canalblog.com,Female,118.130.47.99
346,Jud,Letch,jletch9l@princeton.edu,Male,142.158.177.92
347,Darcie,Casewell,dcasewell9m@photobucket.com,Female,89.5.26.224
348,Lazar,Dufton,ldufton9n@miitbeian.gov.cn,Male,25.138.186.110
349,Nata,Poker,npoker9o@cbslocal.com,Female,23.69.67.15
350,Jeremiah,Blomefield,jblomefield9p@sohu.com,Male,137.33.147.92
351,Allin,Peattie,apeattie9q@w3.org,Male,73.215.80.129
352,Giffer,Hext,ghext9r@eventbrite.com,Male,116.93.48.144
353,Liz,Jessup,ljessup9s@deliciousdays.com,Female,230.163.58.32
354,Ansel,Lavis,alavis9t@ftc.gov,Male,216.185.12.26
355,Jacquetta,Lyven,jlyven9u@webs.com,Female,146.235.158.29
356,Ginnifer,Brammall,gbrammall9v@hao123.com,Female,33.90.24.80
357,Felix,Ambroz,fambroz9w@cmu.edu,Male,145.36.38.44
358,Coral,Jacke,cjacke9x@netlog.com,Female,192.117.0.216
359,Carl,Muddle,cmuddle9y@list-manage.com,Male,205.235.179.123
360,Janice,Ellis,jellis9z@ezinearticles.com,Female,77.15.253.188
361,Giffer,Robuchon,grobuchona0@quantcast.com,Male,0.235.199.128
362,Clement,O'Shiel,coshiela1@cnet.com,Male,74.44.62.122
363,Krispin,Inggall,kinggalla2@yahoo.com,Male,183.232.184.49
364,Clementine,Medeway,cmedewaya3@google.ca,Female,93.48.66.86
365,Dreddy,Cotgrove,dcotgrovea4@comcast.net,Female,97.100.114.16
366,Olenolin,Caldeyroux,ocaldeyrouxa5@ifeng.com,Male,71.246.77.20
367,Felicio,Leeb,fleeba6@mtv.com,Male,121.90.82.122
368,Mercie,Gronou,mgronoua7@oracle.com,Female,159.171.162.232
369,Klarika,MacTague,kmactaguea8@oakley.com,Female,53.191.121.168
370,Doretta,Dufer,ddufera9@buzzfeed.com,Female,254.179.47.57
371,Norton,Bende,nbendeaa@statcounter.com,Male,104.100.255.194
372,Bevon,Roon,broonab@washingtonpost.com,Male,128.100.230.184
373,Felecia,Jirus,fjirusac@marriott.com,Female,199.116.40.25
374,Elsey,Coltherd,ecoltherdad@drupal.org,Female,158.161.123.150
375,Donella,Kingsbury,dkingsburyae@dot.gov,Female,194.112.100.184
376,Jasper,Simioli,jsimioliaf@apache.org,Male,31.43.252.89
377,Queenie,Twort,qtwortag@trellian.com,Female,246.228.190.122
378,Stephani,Christon,schristonah@sun.com,Female,106.108.233.249
379,Norrie,Iveagh,niveaghai@stanford.edu,Female,85.91.56.77
380,Clara,Brodeur,cbrodeuraj@weather.com,Female,255.247.174.212
381,Pablo,O'Monahan,pomonahanak@jugem.jp,Male,17.128.110.243
382,Caresa,Billing,cbillingal@prnewswire.com,Female,105.45.231.122
383,Timi,Eteen,teteenam@dot.gov,Female,245.3.143.17
384,Effie,Kenwood,ekenwoodan@liveinternet.ru,Female,46.248.185.20
385,Bren,Ezzell,bezzellao@wix.com,Male,119.222.162.167
386,Tremayne,Beasant,tbeasantap@foxnews.com,Male,125.20.178.132
387,Daron,Coulthurst,dcoulthurstaq@hibu.com,Male,171.75.157.230
388,Cosme,Feedham,cfeedhamar@live.com,Male,28.174.225.175
389,Berthe,D'Hooghe,bdhoogheas@apache.org,Female,93.219.115.166
390,Cosette,Tiernan,ctiernanat@webeden.co.uk,Female,18.28.199.169
391,Bess,Churly,bchurlyau@homestead.com,Female,77.105.245.207
392,Ivie,MacPherson,imacphersonav@hubpages.com,Female,205.150.7.7
393,Davon,Mitham,dmithamaw@mac.com,Male,60.118.201.29
394,Moritz,Winfindale,mwinfindaleax@xinhuanet.com,Male,107.248.131.179
395,Cheslie,Bracci,cbracciay@myspace.com,Female,214.160.250.173
396,Lexine,Holmyard,lholmyardaz@ox.ac.uk,Female,253.67.82.212
397,Giusto,Gladyer,ggladyerb0@ucla.edu,Male,196.89.187.228
398,Venus,Faltskog,vfaltskogb1@whitehouse.gov,Female,251.45.178.136
399,Nowell,Boost,nboostb2@eventbrite.com,Male,233.2.45.110
400,Cammi,Draper,cdraperb3@google.cn,Female,216.7.63.149
401,Livia,Loftie,lloftieb4@biglobe.ne.jp,Female,127.23.87.74
402,Susette,Scrange,sscrangeb5@bizjournals.com,Female,190.65.221.76
403,Haley,Comiskey,hcomiskeyb6@indiatimes.com,Female,229.70.84.212
404,Candida,Izhakov,cizhakovb7@howstuffworks.com,Female,9.118.219.137
405,Gerome,Budik,gbudikb8@dyndns.org,Male,92.105.110.90
406,Simon,Grunwald,sgrunwaldb9@so-net.ne.jp,Male,175.242.1.228
407,Yank,Galfour,ygalfourba@hc360.com,Male,207.187.41.40
408,Jacquelynn,Corrado,jcorradobb@ucsd.edu,Female,183.17.208.185
409,Harriot,Wilcinskis,hwilcinskisbc@xrea.com,Female,199.103.116.56
410,Orren,Vockins,ovockinsbd@nasa.gov,Male,97.152.214.97
411,Timmie,Buttrum,tbuttrumbe@oaic.gov.au,Male,64.109.38.246
412,Cheryl,Mahaddie,cmahaddiebf@live.com,Female,94.193.229.64
413,Terence,Norewood,tnorewoodbg@yolasite.com,Male,5.48.120.121
414,Georgeta,Norledge,gnorledgebh@miitbeian.gov.cn,Female,80.70.254.145
415,Ingaberg,Wix,iwixbi@webmd.com,Female,76.58.179.88
416,Odilia,Gino,oginobj@soup.io,Female,24.42.130.71
417,Wilie,Hatje,whatjebk@washington.edu,Female,49.16.115.237
418,Dorri,Whiley,dwhileybl@e-recht24.de,Female,201.234.90.54
419,Othella,Capeling,ocapelingbm@tripadvisor.com,Female,117.209.105.70
420,Ardys,Geindre,ageindrebn@cloudflare.com,Female,48.253.188.247
421,Ericha,Welldrake,ewelldrakebo@ibm.com,Female,61.13.224.252
422,Tamarra,Yukhin,tyukhinbp@eventbrite.com,Female,190.71.41.8
423,Celestina,Duprey,cdupreybq@shop-pro.jp,Female,242.103.141.22
424,Hart,MacDiarmid,hmacdiarmidbr@irs.gov,Male,44.130.158.221
425,Rodina,Barford,rbarfordbs@epa.gov,Female,228.36.18.108
426,Evelina,Branchet,ebranchetbt@dailymotion.com,Female,177.146.238.101
427,Izak,Gingel,igingelbu@theguardian.com,Male,46.89.145.166
428,Calv,Philips,cphilipsbv@salon.com,Male,45.102.182.114
429,Morganica,Yeude,myeudebw@answers.com,Female,76.201.225.121
430,Henriette,Baverstock,hbaverstockbx@liveinternet.ru,Female,231.45.77.218
431,Nikki,Vannar,nvannarby@clickbank.net,Male,197.74.20.218
432,Gregory,Brasher,gbrasherbz@w3.org,Male,113.35.182.6
433,Loy,Deinert,ldeinertc0@nifty.com,Male,176.9.10.226
434,Dulsea,Salerg,dsalergc1@myspace.com,Female,197.75.167.135
435,Sherwin,Dewen,sdewenc2@kickstarter.com,Male,73.98.251.158
436,Nelly,Maddie,nmaddiec3@goodreads.com,Female,133.115.61.62
437,Terrell,Lidden,tliddenc4@eepurl.com,Male,129.48.64.83
438,Dina,Rignall,drignallc5@tumblr.com,Female,89.21.138.32
439,Rahal,Bugbee,rbugbeec6@angelfire.com,Female,19.73.177.206
440,Lydon,Vermer,lvermerc7@angelfire.com,Male,20.139.99.88
441,Micky,Osbourn,mosbournc8@hc360.com,Male,129.8.49.101
442,Faustine,Burry,fburryc9@accuweather.com,Female,231.192.234.126
443,Leah,Rawcliff,lrawcliffca@google.ca,Female,192.153.199.208
444,Melesa,Nixon,mnixoncb@chron.com,Female,24.240.56.199
445,Mackenzie,Maclaine,mmaclainecc@google.fr,Male,254.248.97.53
446,Alasdair,Gilbank,agilbankcd@jalbum.net,Male,165.81.215.80
447,Terrel,Mellem,tmellemce@ask.com,Male,149.164.247.220
448,Daria,Fortman,dfortmancf@taobao.com,Female,135.184.191.149
449,Mag,Castelin,mcastelincg@nsw.gov.au,Female,149.170.87.177
450,Madlin,Feeham,mfeehamch@alibaba.com,Female,241.142.225.81
451,Ernesto,Loody,eloodyci@adobe.com,Male,200.216.25.253
452,Mort,Skurray,mskurraycj@columbia.edu,Male,253.38.46.199
453,Dalila,Averill,daverillck@harvard.edu,Female,232.79.40.42
454,Elihu,Crippen,ecrippencl@newyorker.com,Male,111.209.189.173
455,Mason,Heiss,mheisscm@slate.com,Male,106.157.40.199
456,Jayme,Meaton,jmeatoncn@nymag.com,Female,217.176.28.114
457,Melli,Garioch,mgariochco@privacy.gov.au,Female,34.145.114.73
458,Kerstin,Gallon,kgalloncp@taobao.com,Female,251.31.30.239
459,Tris,Shasnan,tshasnancq@blinklist.com,Male,235.66.182.104
460,Gates,Schwander,gschwandercr@histats.com,Female,132.156.34.149
461,Nettie,Hearn,nhearncs@yelp.com,Female,110.144.177.175
462,Sarena,Danilovich,sdanilovichct@uiuc.edu,Female,12.181.205.201
463,Mona,Loxton,mloxtoncu@smugmug.com,Female,94.141.60.195
464,Alex,Durnford,adurnfordcv@army.mil,Female,108.30.249.32
465,Rafi,Jennison,rjennisoncw@i2i.jp,Male,49.168.84.136
466,Yorke,Trengove,ytrengovecx@smugmug.com,Male,133.176.157.161
467,Ingamar,Peaseman,ipeasemancy@ucoz.com,Male,242.20.107.211
468,Dukey,Guise,dguisecz@chicagotribune.com,Male,157.168.175.197
469,Robinetta,Turfin,rturfind0@uiuc.edu,Female,134.89.255.16
470,Prudence,Kirton,pkirtond1@trellian.com,Female,68.247.220.98
471,Lamar,Doughartie,ldoughartied2@virginia.edu,Male,33.19.170.250
472,Torre,Tomankiewicz,ttomankiewiczd3@bloomberg.com,Male,72.215.213.197
473,Hermann,O'Henery,hoheneryd4@nifty.com,Male,163.20.93.38
474,Marlane,Gravett,mgravettd5@hud.gov,Female,145.213.43.219
475,Irena,Sixsmith,isixsmithd6@constantcontact.com,Female,235.82.63.31
476,Jodi,Jaqueminet,jjaqueminetd7@independent.co.uk,Male,144.245.228.194
477,Ethe,Gomery,egomeryd8@ehow.com,Male,2.216.31.131
478,Nancee,Davidde,ndavidded9@loc.gov,Female,44.193.204.177
479,Bart,Bambrugh,bbambrughda@forbes.com,Male,151.34.249.74
480,Lay,Evensden,levensdendb@yellowbook.com,Male,207.237.138.145
481,Bryana,Barok,bbarokdc@eepurl.com,Female,233.94.203.142
482,Levey,Myhan,lmyhandd@bbc.co.uk,Male,64.144.251.235
483,Paige,Borrell,pborrellde@elegantthemes.com,Male,56.119.229.108
484,Marilyn,Bovis,mbovisdf@cbslocal.com,Female,234.141.102.163
485,Beverley,Sackur,bsackurdg@biblegateway.com,Female,115.186.253.208
486,Michale,Dellenbach,mdellenbachdh@apache.org,Male,253.185.72.49
487,Kerr,Kinman,kkinmandi@sbwire.com,Male,129.131.216.255
488,Mirella,Leese,mleesedj@illinois.edu,Female,191.129.72.38
489,Aurlie,Creaser,acreaserdk@wikia.com,Female,230.11.120.137
490,Demetris,Gilroy,dgilroydl@narod.ru,Male,26.48.76.66
491,Abbe,Elleyne,aelleynedm@netscape.com,Male,197.24.33.210
492,Kris,Plinck,kplinckdn@goo.ne.jp,Male,232.233.181.98
493,Flossi,Sture,fsturedo@va.gov,Female,206.45.77.213
494,Harald,Herrieven,hherrievendp@wiley.com,Male,235.108.201.218
495,Kendall,Petrou,kpetroudq@360.cn,Male,247.65.141.252
496,Laural,Kachel,lkacheldr@ustream.tv,Female,122.203.242.236
497,Rodolfo,Barnes,rbarnesds@earthlink.net,Male,251.147.171.50
498,Elbertine,Skeech,eskeechdt@ted.com,Female,237.74.11.76
499,Hanna,Baiyle,hbaiyledu@wikimedia.org,Female,99.128.201.13
500,Roy,Melin,rmelindv@independent.co.uk,Male,254.213.186.111
501,Wayne,Pleavin,wpleavindw@ask.com,Male,188.6.247.46
502,Tamara,Keith,tkeithdx@e-recht24.de,Female,203.81.37.103
503,Terri,Torra,ttorrady@umich.edu,Female,23.23.113.96
504,Angeline,Stoute,astoutedz@tinypic.com,Female,122.52.163.104
505,Leanora,Mordacai,lmordacaie0@geocities.jp,Female,249.233.230.26
506,Maude,Rocco,mroccoe1@imageshack.us,Female,161.121.186.249
507,Baily,Shephard,bshepharde2@sina.com.cn,Male,71.233.187.146
508,Maybelle,Ling,mlinge3@bing.com,Female,147.167.88.74
509,Rob,Pymar,rpymare4@ifeng.com,Male,0.44.223.57
510,Hulda,Belly,hbellye5@indiegogo.com,Female,224.248.81.220
511,Binni,Butterfill,bbutterfille6@about.com,Female,228.230.157.55
512,Teddie,Pau,tpaue7@reverbnation.com,Male,34.59.248.119
513,Effie,Barlace,ebarlacee8@dion.ne.jp,Female,185.217.185.137
514,Whittaker,Neno,wnenoe9@nps.gov,Male,210.121.40.199
515,Tom,Hebron,thebronea@reference.com,Male,157.109.218.22
516,Mort,Hillock,mhillockeb@squarespace.com,Male,166.37.93.202
517,Mei,Elkington,melkingtonec@quantcast.com,Female,180.219.208.188
518,Kriste,Rabbet,krabbeted@spiegel.de,Female,189.29.124.136
519,Jo-anne,Scutching,jscutchingee@alibaba.com,Female,133.110.101.36
520,Hakeem,Maddinon,hmaddinonef@uol.com.br,Male,241.190.207.20
521,Audi,Danilovich,adanilovicheg@youtu.be,Female,138.33.6.71
522,Hunfredo,Vinau,hvinaueh@globo.com,Male,165.252.87.56
523,Rakel,Bodemeaid,rbodemeaidei@over-blog.com,Female,65.254.139.124
524,Denver,Pettiford,dpettifordej@nih.gov,Male,77.41.128.123
525,Sydney,Craghead,scragheadek@disqus.com,Male,176.137.222.95
526,Ellyn,Fardy,efardyel@pbs.org,Female,160.92.60.255
527,Eben,Laible,elaibleem@guardian.co.uk,Male,199.30.1.110
528,Lock,Dik,ldiken@goodreads.com,Male,77.2.75.68
529,Winifield,Loseke,wlosekeeo@google.ca,Male,0.18.44.81
530,Sergent,Pichmann,spichmannep@latimes.com,Male,102.252.36.19
531,Mattie,Edgeler,medgelereq@prweb.com,Male,208.196.49.139
532,Filip,Snoday,fsnodayer@geocities.com,Male,117.242.34.95
533,Wynnie,Barajaz,wbarajazes@theglobeandmail.com,Female,196.133.121.166
534,Farand,Authers,fautherset@ucla.edu,Female,6.160.229.23
535,Lydon,Petit,lpetiteu@uiuc.edu,Male,35.72.212.12
536,Craggie,Gibben,cgibbenev@umn.edu,Male,114.211.171.19
537,Vinnie,McGuire,vmcguireew@istockphoto.com,Male,220.221.148.219
538,Thurston,Gainforth,tgainforthex@hud.gov,Male,119.125.147.244
539,Andrei,Danforth,adanforthey@auda.org.au,Female,239.95.234.135
540,Korie,Winchcombe,kwinchcombeez@nhs.uk,Female,108.208.213.239
541,Shawn,Conelly,sconellyf0@mayoclinic.com,Male,113.167.196.145
542,Pavel,Sextone,psextonef1@squidoo.com,Male,183.151.178.241
543,Kort,Pressnell,kpressnellf2@rambler.ru,Male,200.130.123.189
544,Eula,Willshere,ewillsheref3@miitbeian.gov.cn,Female,233.226.86.241
545,Guillema,Petit,gpetitf4@simplemachines.org,Female,233.56.162.116
546,Neala,Lindemann,nlindemannf5@mit.edu,Female,9.236.6.176
547,Joann,Guyon,jguyonf6@joomla.org,Female,165.227.59.65
548,Filippa,Helian,fhelianf7@soundcloud.com,Female,223.134.157.236
549,Nial,Routh,nrouthf8@dyndns.org,Male,33.255.65.252
550,Lark,Halleybone,lhalleybonef9@auda.org.au,Female,49.153.91.134
551,Nolly,Peniman,npenimanfa@howstuffworks.com,Male,248.162.89.25
552,Moe,Kochs,mkochsfb@booking.com,Male,41.249.177.156
553,Theodor,Storrock,tstorrockfc@trellian.com,Male,98.156.46.94
554,Matthieu,Gavahan,mgavahanfd@example.com,Male,137.38.82.191
555,Guillermo,Hugonin,ghugoninfe@upenn.edu,Male,163.70.185.221
556,Filide,Leckenby,fleckenbyff@sun.com,Female,41.188.165.59
557,Ware,Crudginton,wcrudgintonfg@geocities.com,Male,32.238.152.112
558,Jere,Wynne,jwynnefh@army.mil,Male,84.131.183.32
559,Ramon,Jiggins,rjigginsfi@wikipedia.org,Male,175.208.152.233
560,Raine,Lince,rlincefj@squidoo.com,Female,125.8.112.96
561,Artus,Beaton,abeatonfk@unesco.org,Male,192.66.247.234
562,Petr,Varley,pvarleyfl@ezinearticles.com,Male,3.140.228.180
563,Johna,Drakes,jdrakesfm@symantec.com,Female,94.36.240.132
564,Baxie,Winchurst,bwinchurstfn@meetup.com,Male,196.189.55.40
565,Chloris,Senechell,csenechellfo@nymag.com,Female,248.92.239.57
566,Andee,Wordley,awordleyfp@mayoclinic.com,Female,246.175.189.174
567,Kelila,Somerled,ksomerledfq@google.fr,Female,120.13.222.19
568,Brose,Udden,buddenfr@house.gov,Male,75.186.129.174
569,Ike,Bradtke,ibradtkefs@cbslocal.com,Male,43.96.180.33
570,Eveleen,Andrivot,eandrivotft@ftc.gov,Female,220.137.216.139
571,Helaine,Degenhardt,hdegenhardtfu@mozilla.org,Female,22.63.199.3
572,Jessa,Painter,jpainterfv@china.com.cn,Female,212.183.61.157
573,Timothy,Alexandrou,talexandroufw@si.edu,Male,158.116.240.71
574,Ramsey,McAlpine,rmcalpinefx@barnesandnoble.com,Male,103.64.197.23
575,Bryan,Huard,bhuardfy@mit.edu,Male,71.235.246.8
576,Joly,Corless,jcorlessfz@kickstarter.com,Female,62.176.89.249
577,Tyler,Wibrew,twibrewg0@ustream.tv,Male,159.192.250.49
578,Alain,Swiers,aswiersg1@last.fm,Male,44.142.67.232
579,Trefor,Woolaston,twoolastong2@123-reg.co.uk,Male,5.117.152.236
580,Kay,Santora,ksantorag3@woothemes.com,Female,29.246.98.91
581,Gilda,Reubel,greubelg4@ifeng.com,Female,6.242.112.76
582,Virgie,Bend,vbendg5@quantcast.com,Female,20.107.224.26
583,Cello,Aynold,caynoldg6@bluehost.com,Male,155.98.78.218
584,Lynnett,Work,lworkg7@imgur.com,Female,151.63.146.128
585,Sinclair,Bown,sbowng8@barnesandnoble.com,Male,221.228.189.64
586,Wileen,Regenhardt,wregenhardtg9@nytimes.com,Female,85.188.138.248
587,Marty,Zorzenoni,mzorzenoniga@webs.com,Male,132.123.184.38
588,Paige,Giorgione,pgiorgionegb@narod.ru,Male,193.24.163.53
589,Nickey,Wicklin,nwicklingc@shop-pro.jp,Male,124.49.250.95
590,Jeniffer,Starbucke,jstarbuckegd@symantec.com,Female,249.71.227.200
591,Sidney,Weare,swearege@upenn.edu,Male,188.64.55.226
592,Hercules,Metzing,hmetzinggf@si.edu,Male,17.234.202.164
593,Kitti,Hanway,khanwaygg@quantcast.com,Female,33.58.171.157
594,Vassily,Blazi,vblazigh@nsw.gov.au,Male,229.181.125.178
595,Niall,Brownsea,nbrownseagi@bluehost.com,Male,20.98.110.166
596,Anselm,Curnokk,acurnokkgj@amazonaws.com,Male,69.79.55.14
597,Boigie,Posen,bposengk@nbcnews.com,Male,145.155.160.253
598,Tressa,Haddinton,thaddintongl@smugmug.com,Female,129.10.206.213
599,Leland,Ferries,lferriesgm@yandex.ru,Female,135.164.150.23
600,Noak,Fresson,nfressongn@mapquest.com,Male,128.33.19.46
601,Lev,Grombridge,lgrombridgego@homestead.com,Male,116.143.49.194
602,Bernetta,Hassin,bhassingp@tripadvisor.com,Female,24.171.4.114
603,Shayna,Blasius,sblasiusgq@creativecommons.org,Female,171.37.124.245
604,Stavros,Coole,scoolegr@google.com.br,Male,232.203.75.148
605,Gordy,Ros,grosgs@admin.ch,Male,204.231.26.135
606,Yasmeen,Veart,yveartgt@dot.gov,Female,29.20.221.28
607,Iago,Woolager,iwoolagergu@kickstarter.com,Male,108.127.133.27
608,Juanita,Klambt,jklambtgv@surveymonkey.com,Female,104.51.123.52
609,Cleon,Suston,csustongw@java.com,Male,72.195.46.134
610,Virgil,Goodliffe,vgoodliffegx@yellowpages.com,Male,55.251.247.226
611,Kelvin,Titterrell,ktitterrellgy@networkadvertising.org,Male,139.86.105.163
612,Blinny,Menco,bmencogz@umich.edu,Female,251.213.207.77
613,Lynsey,Eaden,leadenh0@multiply.com,Female,30.171.238.198
614,Lindsy,Hayland,lhaylandh1@facebook.com,Female,108.31.237.38
615,Francesca,Schoroder,fschoroderh2@europa.eu,Female,172.78.132.241
616,Jacinda,Burge,jburgeh3@zimbio.com,Female,111.41.20.181
617,Gerianna,Camel,gcamelh4@wunderground.com,Female,222.48.102.199
618,Denys,Arntzen,darntzenh5@ucsd.edu,Male,53.104.62.185
619,Arin,Janes,ajanesh6@flickr.com,Male,51.98.202.142
620,Mala,Giamitti,mgiamittih7@php.net,Female,31.154.137.248
621,Thayne,Blodget,tblodgeth8@princeton.edu,Male,198.176.150.133
622,Rafe,Burns,rburnsh9@w3.org,Male,226.145.94.170
623,Osbourn,Legge,oleggeha@360.cn,Male,29.75.181.43
624,Huntley,McNeely,hmcneelyhb@xinhuanet.com,Male,10.225.40.10
625,Son,Elsmore,selsmorehc@wikispaces.com,Male,29.17.105.70
626,Paddie,Ebourne,pebournehd@go.com,Male,40.177.247.158
627,Friedrick,Cristofor,fcristoforhe@jugem.jp,Male,195.249.176.127
628,Leoine,Rontree,lrontreehf@4shared.com,Female,216.215.203.130
629,Corey,Bracey,cbraceyhg@aboutads.info,Male,39.2.199.238
630,Adriaens,Matoshin,amatoshinhh@github.io,Female,237.147.163.26
631,Gwenora,Rignold,grignoldhi@spotify.com,Female,31.14.21.187
632,Rosy,Sprade,rspradehj@mac.com,Female,228.8.60.225
633,Dalt,Picott,dpicotthk@wikipedia.org,Male,29.213.41.37
634,Drew,Batten,dbattenhl@state.gov,Male,255.36.174.110
635,Eugenius,Jacobowitz,ejacobowitzhm@lycos.com,Male,220.154.99.237
636,Ken,Rushbrook,krushbrookhn@nymag.com,Male,246.23.188.27
637,Freddy,D'Andrea,fdandreaho@theglobeandmail.com,Male,145.244.144.38
638,Lindi,Dafforne,ldaffornehp@list-manage.com,Female,70.246.58.156
639,Halley,Rubinowitsch,hrubinowitschhq@abc.net.au,Female,187.140.124.97
640,Wilbur,Shwalbe,wshwalbehr@theguardian.com,Male,90.118.115.150
641,Flori,Collingham,fcollinghamhs@walmart.com,Female,60.74.187.63
642,Celestina,Attrie,cattrieht@nifty.com,Female,228.6.148.157
643,Marcille,De Pietri,mdepietrihu@thetimes.co.uk,Female,50.29.131.81
644,Armstrong,MacTague,amactaguehv@independent.co.uk,Male,47.67.91.80
645,Zarah,Orkney,zorkneyhw@topsy.com,Female,6.95.90.73
646,Joyann,Danniel,jdannielhx@newsvine.com,Female,117.203.119.28
647,Lorant,Waterworth,lwaterworthhy@over-blog.com,Male,158.71.83.150
648,Josiah,Ellingsworth,jellingsworthhz@businessweek.com,Male,160.187.60.200
649,Catriona,Ivetts,civettsi0@qq.com,Female,65.37.88.120
650,Kasey,Giottini,kgiottinii1@behance.net,Female,28.39.96.23
651,Reggie,Causey,rcauseyi2@booking.com,Male,195.207.149.66
652,Josias,Bowller,jbowlleri3@psu.edu,Male,170.55.69.22
653,Cosmo,Vezey,cvezeyi4@accuweather.com,Male,209.14.238.59
654,Werner,Lars,wlarsi5@wordpress.com,Male,217.235.47.255
655,Tannie,Silly,tsillyi6@wordpress.org,Male,221.201.48.243
656,Lyndel,Stennes,lstennesi7@yale.edu,Female,122.248.16.179
657,Sully,Booley,sbooleyi8@sourceforge.net,Male,66.198.222.205
658,Philippe,Letrange,pletrangei9@t-online.de,Female,77.28.4.117
659,Brennen,Corck,bcorckia@xing.com,Male,144.159.218.197
660,Raimund,Latek,rlatekib@amazon.de,Male,229.169.69.38
661,Celine,Sleith,csleithic@bluehost.com,Female,137.224.165.62
662,Kalle,Caro,kcaroid@indiatimes.com,Male,64.193.124.49
663,Beniamino,Bardsley,bbardsleyie@globo.com,Male,47.106.164.112
664,Wynn,Beminster,wbeminsterif@1688.com,Female,54.6.180.133
665,Vale,Lilie,vlilieig@state.gov,Male,128.192.66.69
666,Kirsti,Yalden,kyaldenih@ning.com,Female,71.77.90.141
667,Nicholas,Everett,neverettii@nature.com,Male,30.67.99.230
668,Ramon,Board,rboardij@4shared.com,Male,247.46.124.30
669,Olenka,Stitfall,ostitfallik@virginia.edu,Female,110.187.65.153
670,Lloyd,Blincow,lblincowil@1und1.de,Male,50.140.235.174
671,Anett,Pakes,apakesim@nsw.gov.au,Female,130.77.121.73
672,Conni,Udell,cudellin@wiley.com,Female,121.108.171.0
673,Amerigo,Ticksall,aticksallio@hatena.ne.jp,Male,139.180.69.168
674,Harmonie,MacCoveney,hmaccoveneyip@sciencedaily.com,Female,200.175.213.82
675,Michell,Botten,mbotteniq@census.gov,Female,65.70.71.114
676,Keary,Bault,kbaultir@mlb.com,Male,160.150.119.12
677,Iris,Clericoates,iclericoatesis@mashable.com,Female,54.49.167.139
678,Odey,Josselson,ojosselsonit@joomla.org,Male,74.222.189.100
679,Demott,Bromage,dbromageiu@webnode.com,Male,64.51.161.228
680,Amalia,McCalister,amccalisteriv@liveinternet.ru,Female,194.192.140.109
681,Amalle,Berrisford,aberrisfordiw@auda.org.au,Female,245.10.223.172
682,Lauraine,McCotter,lmccotterix@time.com,Female,84.221.67.216
683,Reggi,Goodyer,rgoodyeriy@symantec.com,Female,24.169.192.79
684,Alisander,Husselbee,ahusselbeeiz@statcounter.com,Male,51.101.27.196
685,Barthel,Albiston,balbistonj0@plala.or.jp,Male,80.186.188.12
686,Hillyer,McNulty,hmcnultyj1@hostgator.com,Male,189.101.186.178
687,Phil,Nettleship,pnettleshipj2@bigcartel.com,Male,196.7.165.127
688,August,Everwin,aeverwinj3@vistaprint.com,Male,130.227.239.12
689,Oswell,Gaven,ogavenj4@yandex.ru,Male,216.58.168.71
690,Mavra,Clymo,mclymoj5@boston.com,Female,213.37.33.95
691,Jacquelynn,Gaish,jgaishj6@jigsy.com,Female,67.44.228.7
692,Micheline,Perrat,mperratj7@trellian.com,Female,183.251.99.78
693,Adi,Spratt,asprattj8@slideshare.net,Female,0.137.232.46
694,Dionne,Kilpatrick,dkilpatrickj9@parallels.com,Female,246.222.217.72
695,Jena,Silly,jsillyja@blogs.com,Female,186.78.91.148
696,Cecilla,Davidai,cdavidaijb@aboutads.info,Female,148.75.234.234
697,Wileen,Hinrichs,whinrichsjc@webnode.com,Female,63.255.75.237
698,Townie,O' Flaherty,toflahertyjd@e-recht24.de,Male,153.162.114.6
699,Teirtza,Van den Hof,tvandenhofje@toplist.cz,Female,74.104.139.102
700,Isabella,Londer,ilonderjf@hc360.com,Female,148.57.252.173
701,Adrian,Fullick,afullickjg@buzzfeed.com,Male,2.58.48.157
702,George,Marriot,gmarriotjh@exblog.jp,Male,228.158.176.121
703,Timothy,Lindborg,tlindborgji@mail.ru,Male,199.104.178.221
704,Schuyler,Oiseau,soiseaujj@networkadvertising.org,Male,73.68.146.127
705,Dalli,Liddy,dliddyjk@liveinternet.ru,Male,224.150.122.16
706,Bridgette,Simeon,bsimeonjl@twitpic.com,Female,167.165.58.252
707,Saraann,Seignior,sseigniorjm@wikia.com,Female,238.47.131.35
708,Malynda,Cristofor,mcristoforjn@macromedia.com,Female,34.0.139.180
709,Jacky,Overlow,joverlowjo@nasa.gov,Male,114.245.101.190
710,Farrand,Worts,fwortsjp@nsw.gov.au,Female,67.148.220.19
711,Kriste,Brasse,kbrassejq@nature.com,Female,92.99.212.255
712,Kaleb,Tribe,ktribejr@feedburner.com,Male,160.135.1.4
713,Erasmus,Dreini,edreinijs@mashable.com,Male,240.1.127.20
714,Bambi,Stiegers,bstiegersjt@mapy.cz,Female,200.216.156.156
715,Demetrius,Hallbord,dhallbordju@hostgator.com,Male,26.141.159.148
716,Abel,Rudderham,arudderhamjv@princeton.edu,Male,184.4.102.239
717,Nadine,Breckenridge,nbreckenridgejw@a8.net,Female,19.132.73.30
718,Richardo,Longlands,rlonglandsjx@yolasite.com,Male,136.16.108.215
719,Nealy,Jeans,njeansjy@gov.uk,Male,194.193.144.140
720,Evania,Arnout,earnoutjz@berkeley.edu,Female,168.95.226.48
721,Jen,Chaudhry,jchaudhryk0@altervista.org,Female,140.176.59.142
722,Veronique,Menichi,vmenichik1@usatoday.com,Female,119.159.96.225
723,Foss,Coudray,fcoudrayk2@nydailynews.com,Male,174.149.209.113
724,Clayson,Kobus,ckobusk3@ibm.com,Male,158.136.30.147
725,Granger,Figg,gfiggk4@vinaora.com,Male,23.118.178.71
726,Cherie,Pactat,cpactatk5@nationalgeographic.com,Female,16.219.125.251
727,Glory,Merriman,gmerrimank6@samsung.com,Female,153.200.211.5
728,Carma,Tue,ctuek7@youtu.be,Female,180.225.239.254
729,Bank,Willatts,bwillattsk8@so-net.ne.jp,Male,20.98.88.97
730,Kelcie,de Banke,kdebankek9@github.io,Female,98.213.185.227
731,Cristabel,Hatrey,chatreyka@hugedomains.com,Female,128.251.104.170
732,Clarance,Wint,cwintkb@unc.edu,Male,175.13.65.233
733,Elita,Descroix,edescroixkc@weebly.com,Female,210.28.26.17
734,Lauren,Culpan,lculpankd@yahoo.co.jp,Female,231.254.31.244
735,Kacy,Lawland,klawlandke@ustream.tv,Female,209.80.158.158
736,Hetti,Gartsyde,hgartsydekf@sphinn.com,Female,54.101.25.243
737,Jorrie,Yearns,jyearnskg@jalbum.net,Female,135.214.37.228
738,Berk,Duling,bdulingkh@washingtonpost.com,Male,66.47.149.234
739,Cris,Hillaby,chillabyki@webs.com,Female,0.60.199.125
740,Dorthea,Skeen,dskeenkj@washingtonpost.com,Female,99.183.54.22
741,Sheppard,Cokely,scokelykk@nyu.edu,Male,113.149.170.22
742,Symon,Ogelsby,sogelsbykl@npr.org,Male,129.45.165.239
743,Ofella,Godrich,ogodrichkm@cbsnews.com,Female,196.162.68.201
744,Liesa,Brando,lbrandokn@wunderground.com,Female,13.253.82.94
745,Mayor,Osorio,mosorioko@google.fr,Male,10.194.217.231
746,Tome,Matthias,tmatthiaskp@si.edu,Male,169.17.195.120
747,Sinclare,Isacoff,sisacoffkq@about.me,Male,61.205.239.213
748,Cleve,Keitch,ckeitchkr@pinterest.com,Male,209.138.143.142
749,Kial,Cattel,kcattelks@wikispaces.com,Female,119.57.182.69
750,Ring,Kedward,rkedwardkt@pinterest.com,Male,78.50.188.70
751,Cullen,Andrioni,candrioniku@mapy.cz,Male,16.252.74.92
752,Tomas,O'Duggan,toduggankv@blogspot.com,Male,41.166.131.152
753,Nissy,Colleck,ncolleckkw@buzzfeed.com,Female,52.38.16.214
754,Brietta,Shorten,bshortenkx@nymag.com,Female,198.94.29.156
755,Alena,Colbert,acolbertky@ucla.edu,Female,161.10.192.32
756,Niki,Scamp,nscampkz@sciencedaily.com,Female,201.10.123.160
757,Justinn,Elijahu,jelijahul0@cmu.edu,Female,20.112.200.36
758,Roxana,Wallentin,rwallentinl1@digg.com,Female,224.50.224.199
759,Madelena,Crocken,mcrockenl2@go.com,Female,114.7.74.178
760,Michelina,Epps,meppsl3@ibm.com,Female,3.244.234.88
761,Kameko,Leedes,kleedesl4@google.de,Female,150.221.190.215
762,Moritz,Manon,mmanonl5@meetup.com,Male,160.16.158.235
763,Devlin,Quartly,dquartlyl6@homestead.com,Male,39.132.129.155
764,Demetrius,Lievesley,dlievesleyl7@ehow.com,Male,163.87.70.163
765,Stacia,Headington,sheadingtonl8@gravatar.com,Female,102.198.196.226
766,Ethe,Girdwood,egirdwoodl9@bloomberg.com,Male,76.16.90.16
767,Johny,Verick,jverickla@patch.com,Male,119.102.91.2
768,Taddeo,Stoneman,tstonemanlb@barnesandnoble.com,Male,163.58.90.135
769,Towney,Tearney,ttearneylc@ifeng.com,Male,31.253.143.17
770,Sigfried,Rock,srockld@elpais.com,Male,48.185.77.235
771,Lynnet,Dubose,ldubosele@istockphoto.com,Female,26.182.0.202
772,Sherlock,Brouard,sbrouardlf@vkontakte.ru,Male,224.120.53.198
773,Davie,Klessmann,dklessmannlg@springer.com,Male,211.173.133.201
774,Hugues,Cullinan,hcullinanlh@photobucket.com,Male,177.130.107.201
775,Marci,Thirlaway,mthirlawayli@dell.com,Female,62.66.244.108
776,Celinda,Father,cfatherlj@technorati.com,Female,25.71.140.144
777,Orelia,Hammerberg,ohammerberglk@google.cn,Female,46.131.65.120
778,Ingra,Readitt,ireadittll@storify.com,Male,187.153.115.177
779,Teodorico,Phelit,tphelitlm@hao123.com,Male,194.247.37.115
780,Adey,Rosten,arostenln@reference.com,Female,147.147.212.106
781,Devon,Nice,dnicelo@sphinn.com,Female,63.169.255.136
782,Nalani,Mably,nmablylp@pinterest.com,Female,119.3.92.213
783,Brooke,Capstack,bcapstacklq@psu.edu,Male,209.204.110.18
784,Amabel,Seally,aseallylr@wix.com,Female,221.124.82.132
785,Keeley,Crauford,kcraufordls@nih.gov,Female,44.87.93.19
786,Nilson,Mangeney,nmangeneylt@bbc.co.uk,Male,157.221.113.123
787,Carol,O'Currine,cocurrinelu@zimbio.com,Female,149.250.188.166
788,Catharine,Crop,ccroplv@prlog.org,Female,246.170.92.214
789,Corey,Rizzone,crizzonelw@xrea.com,Male,6.167.74.83
790,Alvan,Kesey,akeseylx@about.me,Male,111.177.28.23
791,Mirella,Burg,mburgly@wikipedia.org,Female,48.92.78.227
792,Elianore,Siaspinski,esiaspinskilz@uiuc.edu,Female,3.26.61.234
793,Humphrey,McFade,hmcfadem0@usa.gov,Male,247.149.166.233
794,Cobby,Jupp,cjuppm1@mozilla.org,Male,215.218.211.121
795,Ingar,Fust,ifustm2@nationalgeographic.com,Male,3.251.16.91
796,Buckie,Deppe,bdeppem3@microsoft.com,Male,72.49.210.104
797,Clair,Burhouse,cburhousem4@mtv.com,Female,16.254.227.84
798,Marvin,Durram,mdurramm5@clickbank.net,Male,101.185.64.94
799,Case,Ianiello,cianiellom6@reverbnation.com,Male,210.92.233.80
800,Joelly,Gruszka,jgruszkam7@statcounter.com,Female,42.100.137.50
801,Stanfield,Boorer,sboorerm8@shinystat.com,Male,99.73.188.163
802,Mada,Bizley,mbizleym9@sina.com.cn,Female,202.247.186.217
803,Joella,Thistleton,jthistletonma@netlog.com,Female,197.86.25.87
804,Jason,Lowton,jlowtonmb@is.gd,Male,108.141.132.184
805,Ezekiel,Conwell,econwellmc@dyndns.org,Male,242.164.3.3
806,Anne-corinne,Iltchev,ailtchevmd@deviantart.com,Female,189.57.251.210
807,Lyndel,Sowerbutts,lsowerbuttsme@shinystat.com,Female,137.135.184.207
808,Clevie,Espinazo,cespinazomf@reuters.com,Male,42.127.112.248
809,Tonie,Gillean,tgilleanmg@washingtonpost.com,Female,239.224.125.147
810,Ingrid,Crosio,icrosiomh@salon.com,Female,105.219.4.25
811,Else,Touret,etouretmi@dailymotion.com,Female,77.151.235.88
812,Wanids,Menary,wmenarymj@booking.com,Female,78.246.238.33
813,Bridgette,Moulton,bmoultonmk@tripod.com,Female,32.79.111.36
814,Penn,Serrell,pserrellml@yellowbook.com,Male,26.176.96.137
815,Sauveur,Broadey,sbroadeymm@jalbum.net,Male,47.76.222.243
816,Dorice,Kuller,dkullermn@google.co.uk,Female,59.28.95.180
817,Wallie,Braunes,wbraunesmo@globo.com,Female,43.124.64.139
818,Norma,Narramor,nnarramormp@friendfeed.com,Female,43.139.18.68
819,Bessie,Kersting,bkerstingmq@a8.net,Female,219.6.149.210
820,Valeria,Sand,vsandmr@deliciousdays.com,Female,135.2.197.54
821,Noland,Hillitt,nhillittms@ehow.com,Male,68.125.50.131
822,Whittaker,Tuxwell,wtuxwellmt@paginegialle.it,Male,91.199.29.49
823,Israel,Franck,ifranckmu@hubpages.com,Male,253.163.25.100
824,Jesse,Fearnside,jfearnsidemv@flavors.me,Male,201.184.215.95
825,Shirlene,Eddins,seddinsmw@blinklist.com,Female,214.242.156.131
826,Verena,Axe,vaxemx@jigsy.com,Female,162.66.244.91
827,Nonna,Terrill,nterrillmy@wikimedia.org,Female,82.100.233.143
828,Jamill,Fippe,jfippemz@opensource.org,Male,38.17.203.162
829,Merridie,Attewell,mattewelln0@thetimes.co.uk,Female,125.173.158.192
830,Yulma,Casarili,ycasarilin1@trellian.com,Male,210.221.147.134
831,Belita,Billion,bbillionn2@hud.gov,Female,254.173.83.104
832,Yul,Mowling,ymowlingn3@tripadvisor.com,Male,219.173.209.197
833,Aarika,Devonport,adevonportn4@blogtalkradio.com,Female,229.194.94.132
834,Modesty,Spurryer,mspurryern5@china.com.cn,Female,144.57.188.99
835,Ferdie,Bowhay,fbowhayn6@purevolume.com,Male,162.253.119.4
836,Phil,Switland,pswitlandn7@over-blog.com,Male,240.18.216.142
837,Daryl,Goddard,dgoddardn8@storify.com,Male,246.248.230.114
838,Chris,Kemmett,ckemmettn9@1und1.de,Male,105.3.87.173
839,Oates,Costello,ocostellona@rakuten.co.jp,Male,139.143.97.40
840,Olly,Phalp,ophalpnb@hp.com,Male,58.158.38.35
841,Jelene,De Rye Barrett,jderyebarrettnc@samsung.com,Female,72.25.236.148
842,Paxon,Dearle,pdearlend@google.com.br,Male,150.237.130.0
843,Tabor,Carcas,tcarcasne@quantcast.com,Male,63.214.15.71
844,Allyson,Shrimpton,ashrimptonnf@etsy.com,Female,105.136.92.242
845,Trix,Crickmer,tcrickmerng@sakura.ne.jp,Female,87.98.185.204
846,Andras,Sunock,asunocknh@imdb.com,Male,196.162.75.119
847,Esmaria,Irving,eirvingni@woothemes.com,Female,208.226.161.181
848,Otis,Housego,ohousegonj@answers.com,Male,80.241.106.149
849,Arlie,Burfield,aburfieldnk@creativecommons.org,Female,97.228.32.64
850,Rik,Sherebrooke,rsherebrookenl@etsy.com,Male,190.169.36.185
851,Emmalynn,Loadsman,eloadsmannm@cornell.edu,Female,238.170.142.173
852,Ritchie,Fereday,rferedaynn@edublogs.org,Male,227.92.1.227
853,Leon,Trussler,ltrusslerno@disqus.com,Male,174.254.85.110
854,Karine,Willacot,kwillacotnp@hao123.com,Female,8.161.169.47
855,Darcie,Lamprey,dlampreynq@tripadvisor.com,Female,125.100.166.174
856,Alida,Strother,astrothernr@miibeian.gov.cn,Female,215.178.103.203
857,Hebert,Baxter,hbaxterns@amazon.co.uk,Male,36.59.34.227
858,Bear,Beincken,bbeinckennt@blogger.com,Male,218.102.32.33
859,Mia,Pool,mpoolnu@skyrock.com,Female,249.179.115.204
860,Ros,Roundtree,rroundtreenv@ustream.tv,Female,188.151.239.228
861,Jodee,Aubri,jaubrinw@smh.com.au,Female,13.221.131.239
862,Ulla,Macallam,umacallamnx@earthlink.net,Female,171.168.156.239
863,Friedrich,Guidera,fguiderany@businessinsider.com,Male,4.50.199.37
864,Lucia,Gaither,lgaithernz@thetimes.co.uk,Female,40.96.45.93
865,Kimberlee,Fuzzard,kfuzzardo0@wikipedia.org,Female,229.73.146.233
866,Mala,Kaesmans,mkaesmanso1@de.vu,Female,131.137.59.55
867,Bradford,Jansik,bjansiko2@redcross.org,Male,135.194.151.236
868,Yard,Poundsford,ypoundsfordo3@tinypic.com,Male,167.156.253.133
869,Donni,O'Connel,doconnelo4@unicef.org,Female,168.5.180.218
870,Jedidiah,Hobbema,jhobbemao5@sourceforge.net,Male,137.141.183.142
871,Pietrek,Czadla,pczadlao6@dedecms.com,Male,222.158.214.144
872,Carlo,Rivelin,crivelino7@soundcloud.com,Male,114.214.109.18
873,Pam,Reader,preadero8@princeton.edu,Female,134.102.41.123
874,Denney,Kirkham,dkirkhamo9@instagram.com,Male,149.8.213.185
875,Patrizio,Ongin,ponginoa@dailymail.co.uk,Male,227.9.220.132
876,Dolli,Menhci,dmenhciob@youtube.com,Female,228.70.188.176
877,Royce,Jacobs,rjacobsoc@vistaprint.com,Male,77.124.135.88
878,Ellie,Adshad,eadshadod@hhs.gov,Female,32.85.64.255
879,Margareta,Eaglestone,meaglestoneoe@ow.ly,Female,208.23.132.202
880,Dodie,Lightewood,dlightewoodof@myspace.com,Female,0.52.248.103
881,Obidiah,Nanelli,onanelliog@cdbaby.com,Male,28.230.108.55
882,Bartel,Houliston,bhoulistonoh@aol.com,Male,111.116.122.205
883,Liuka,Warby,lwarbyoi@is.gd,Female,11.231.145.48
884,Randal,Warland,rwarlandoj@hatena.ne.jp,Male,11.136.218.95
885,Lionello,Wakeling,lwakelingok@ebay.co.uk,Male,87.249.21.197
886,Kali,Lumpkin,klumpkinol@rambler.ru,Female,160.41.106.254
887,Engelbert,Battle,ebattleom@sohu.com,Male,87.68.86.51
888,Carmelle,O'Looney,colooneyon@theatlantic.com,Female,70.96.114.139
889,Bentlee,Bonome,bbonomeoo@fc2.com,Male,194.241.21.75
890,Shannen,Betho,sbethoop@google.com.au,Female,154.66.218.232
891,Nigel,Lenchenko,nlenchenkooq@intel.com,Male,55.244.66.33
892,Wallie,Jephcott,wjephcottor@sfgate.com,Male,117.60.113.185
893,Bran,Mation,bmationos@hostgator.com,Male,83.33.184.110
894,Shayla,Glassborow,sglassborowot@cargocollective.com,Female,228.113.250.52
895,Heidie,Ormes,hormesou@shinystat.com,Female,146.209.157.132
896,Martie,Whittlesee,mwhittleseeov@answers.com,Male,1.83.120.209
897,Carlota,Twentyman,ctwentymanow@wix.com,Female,180.79.151.240
898,Cathlene,Guyer,cguyerox@acquirethisname.com,Female,20.217.25.229
899,Alphonso,Wisson,awissonoy@nbcnews.com,Male,249.7.81.238
900,Daria,Brinson,dbrinsonoz@freewebs.com,Female,251.78.59.14
901,Fransisco,Mapplebeck,fmapplebeckp0@artisteer.com,Male,15.78.41.209
902,Ruthi,Riccetti,rriccettip1@hugedomains.com,Female,147.100.30.212
903,Nobie,Paviour,npaviourp2@amazon.co.jp,Male,43.95.43.72
904,Alix,Sawday,asawdayp3@sina.com.cn,Female,178.41.157.11
905,Eleonore,Seekings,eseekingsp4@imdb.com,Female,165.124.163.134
906,Arty,Donnachie,adonnachiep5@vk.com,Male,177.72.237.136
907,Ashlie,Gradwell,agradwellp6@amazonaws.com,Female,31.81.61.59
908,Ansel,Mowling,amowlingp7@booking.com,Male,209.133.121.18
909,Felipe,De Ath,fdeathp8@nsw.gov.au,Male,150.186.252.117
910,Stanley,Cartner,scartnerp9@ameblo.jp,Male,56.22.120.1
911,Westbrook,Connow,wconnowpa@lulu.com,Male,32.232.244.252
912,Lonny,Stealey,lstealeypb@oracle.com,Male,216.217.36.68
913,Wake,Wagge,wwaggepc@google.fr,Male,41.63.255.217
914,Ky,Chetham,kchethampd@icq.com,Male,67.38.177.123
915,Frannie,Callen,fcallenpe@goodreads.com,Female,2.140.230.204
916,Hayes,Quinnell,hquinnellpf@hostgator.com,Male,138.253.171.208
917,Robin,Alexandersson,ralexanderssonpg@globo.com,Female,218.11.96.132
918,Zuzana,Milksop,zmilksopph@latimes.com,Female,149.19.115.149
919,Cortney,Ferrieres,cferrierespi@freewebs.com,Female,42.232.247.110
920,Boigie,Balazs,bbalazspj@webeden.co.uk,Male,141.66.162.239
921,Lyda,Atto,lattopk@fema.gov,Female,110.166.186.103
922,Fergus,Birkinshaw,fbirkinshawpl@blogger.com,Male,248.247.226.169
923,Marthena,Swendell,mswendellpm@edublogs.org,Female,50.4.190.248
924,Josias,Boast,jboastpn@mapquest.com,Male,246.242.19.229
925,Lief,Lebourn,llebournpo@google.com.br,Male,64.84.63.30
926,Cecil,Macbeth,cmacbethpp@vinaora.com,Male,54.152.196.108
927,Claus,Perchard,cperchardpq@mac.com,Male,2.199.114.171
928,Ave,Malshinger,amalshingerpr@intel.com,Male,241.200.92.30
929,Ced,Benedicto,cbenedictops@usatoday.com,Male,74.125.224.207
930,Albert,Crutcher,acrutcherpt@guardian.co.uk,Male,135.135.60.90
931,Archambault,Rulton,arultonpu@cafepress.com,Male,156.29.4.216
932,Duky,Hurling,dhurlingpv@businesswire.com,Male,115.102.205.128
933,Natala,Caffin,ncaffinpw@upenn.edu,Female,1.106.103.21
934,Emeline,Waitland,ewaitlandpx@usa.gov,Female,136.167.30.134
935,Sherline,Grichukhin,sgrichukhinpy@tinypic.com,Female,143.17.61.150
936,Kathlin,Ducaen,kducaenpz@squidoo.com,Female,126.80.53.37
937,Ira,Wakeford,iwakefordq0@360.cn,Male,173.246.213.165
938,Caresa,O' Neligan,coneliganq1@theguardian.com,Female,2.158.91.144
939,Averell,Rosenwasser,arosenwasserq2@technorati.com,Male,111.134.33.110
940,Zane,Ellesworth,zellesworthq3@github.com,Male,107.250.62.69
941,Juline,McMonnies,jmcmonniesq4@cbsnews.com,Female,25.12.228.224
942,Faydra,Syversen,fsyversenq5@sourceforge.net,Female,153.103.213.228
943,Cassandra,Sipson,csipsonq6@businessweek.com,Female,169.27.69.35
944,Bradford,Brougham,bbroughamq7@imageshack.us,Male,211.20.234.40
945,Cammi,Westby,cwestbyq8@bloomberg.com,Female,40.202.250.200
946,Murdock,Croster,mcrosterq9@homestead.com,Male,7.164.117.42
947,Karen,D'Ambrogi,kdambrogiqa@army.mil,Female,24.208.189.51
948,Ransell,Angeli,rangeliqb@noaa.gov,Male,29.237.93.219
949,Hasty,Hunnaball,hhunnaballqc@soup.io,Male,59.48.214.145
950,Bernete,Cooney,bcooneyqd@samsung.com,Female,115.237.127.74
951,Alfonse,Gillbe,agillbeqe@webeden.co.uk,Male,132.83.205.49
952,Lotty,McNiff,lmcniffqf@yellowbook.com,Female,14.240.112.216
953,Kameko,Cathie,kcathieqg@china.com.cn,Female,9.81.113.231
954,Chance,Cabrara,ccabraraqh@webmd.com,Male,8.30.141.181
955,Lenette,Howman,lhowmanqi@mlb.com,Female,182.233.84.157
956,Wandie,Morrilly,wmorrillyqj@simplemachines.org,Female,99.232.58.215
957,Loria,Diben,ldibenqk@ihg.com,Female,44.87.133.159
958,Wake,Learmonth,wlearmonthql@blogger.com,Male,44.58.240.103
959,Andreana,Smalls,asmallsqm@sun.com,Female,143.245.250.61
960,Ilene,Chaves,ichavesqn@cam.ac.uk,Female,166.223.168.92
961,Phylis,Laurand,plaurandqo@elegantthemes.com,Female,96.158.179.239
962,Tierney,Sherrington,tsherringtonqp@hostgator.com,Female,184.189.12.32
963,Josias,Krysztofiak,jkrysztofiakqq@liveinternet.ru,Male,5.18.116.191
964,Elka,State,estateqr@phoca.cz,Female,139.7.146.82
965,Henryetta,Haglinton,hhaglintonqs@marriott.com,Female,191.231.112.207
966,Merci,Tebboth,mtebbothqt@bizjournals.com,Female,129.124.228.195
967,Lilyan,Marchenko,lmarchenkoqu@tripod.com,Female,38.221.232.115
968,Selia,Joscelin,sjoscelinqv@boston.com,Female,21.24.173.82
969,Jocelin,Swayte,jswayteqw@army.mil,Female,224.18.135.233
970,Pascale,Strover,pstroverqx@reddit.com,Male,143.69.137.79
971,Penni,Daldan,pdaldanqy@blogtalkradio.com,Female,7.5.27.239
972,Corette,Diano,cdianoqz@ow.ly,Female,33.8.119.57
973,Melisande,Fillary,mfillaryr0@noaa.gov,Female,104.224.221.225
974,Marlowe,Rossetti,mrossettir1@washingtonpost.com,Male,201.40.76.72
975,Barton,Larkby,blarkbyr2@cbsnews.com,Male,84.147.144.48
976,Ringo,Wildish,rwildishr3@bluehost.com,Male,169.164.33.135
977,Erasmus,Stansall,estansallr4@drupal.org,Male,179.148.205.62
978,Vick,Willgrass,vwillgrassr5@geocities.jp,Male,99.198.48.196
979,Odille,Larkin,olarkinr6@hubpages.com,Female,161.65.130.37
980,Sherlock,Beddo,sbeddor7@fema.gov,Male,223.79.9.30
981,Bentlee,Darlow,bdarlowr8@drupal.org,Male,207.143.147.111
982,Ollie,Mildmott,omildmottr9@google.co.uk,Male,246.218.15.253
983,Rafi,Botfield,rbotfieldra@msu.edu,Male,235.92.15.189
984,Steffie,Tabb,stabbrb@godaddy.com,Female,167.65.10.1
985,Truman,Gronow,tgronowrc@columbia.edu,Male,255.71.114.88
986,Saba,Hindenburg,shindenburgrd@reuters.com,Female,28.64.206.141
987,Ernie,Sturm,esturmre@homestead.com,Male,147.84.69.4
988,Alastair,Labrone,alabronerf@ameblo.jp,Male,148.245.118.125
989,Emelia,Button,ebuttonrg@joomla.org,Female,171.49.161.33
990,Taryn,Sprigings,tsprigingsrh@dyndns.org,Female,76.50.211.95
991,Tomas,Wauchope,twauchoperi@bizjournals.com,Male,135.247.184.156
992,Vanda,Highway,vhighwayrj@stumbleupon.com,Female,72.217.0.236
993,Hilde,Tarplee,htarpleerk@ovh.net,Female,99.4.214.117
994,Tabbitha,Esposi,tesposirl@ow.ly,Female,7.239.43.186
995,Kareem,Insole,kinsolerm@mlb.com,Male,196.224.187.110
996,Sandye,Dorgon,sdorgonrn@unc.edu,Female,6.221.121.75
997,Randolph,McAlindon,rmcalindonro@intel.com,Male,106.130.195.243
998,Laryssa,McGeachy,lmcgeachyrp@spiegel.de,Female,123.129.66.58
999,Phyllida,Iglesias,piglesiasrq@time.com,Female,207.227.122.55
1000,Livvyy,Winterton,lwintertonrr@list-manage.com,Female,168.0.220.223
